publisher,num_languages,%_positive_reviews,RPR
(none),1.0,73.23529411764706,3.663596504134421
11 bit studios,12.0,92.92458195882152,4.64855337462839
1C Entertainment,5.8,84.19216690081518,8.320674449610502
1C Game Studios,6.0,78.58472998137802,1.5720090014278458
1C-SoftClub,8.75,86.15444586777313,9.637054918845608
2D Heroes,1.0,90.0,18.03607214428857
2K,6.848484848484849,78.89939091130702,4.933060320629706
2tainment GmbH,2.0,38.888888888888886,1.6674077470731217
38 Studios,5.0,88.4461085851832,4.424517688103212
3909,9.0,96.54194179505993,9.663858037543536
3D Avenue,1.0,100.0,20.04008016032064
5 Lives Studios,7.0,75.75962187711006,2.5261627834981684
505 Games,10.666666666666666,82.24867281924536,5.003977982374242
89AM Studio,1.0,77.77777777777779,15.586729013582724
8Floor,3.8333333333333335,75.54561886609572,15.139402578375893
@unepic_fran,16.0,85.7976653696498,6.604901106208607
A.Y.std,14.0,67.96536796536796,8.506303875515389
ACE,6.5,61.9145226651588,10.531805088403642
AGM PLAYISM,4.0,96.68943664075124,7.252926171314049
AL-GAME,2.0,20.0,20.2020202020202
Abbey Games,5.0,85.02198184094122,6.202131468593555
Abstractive Works,1.0,6.666666666666667,2.229654403567447
Acid Wizard Studio,6.0,94.39328277356448,6.297083573953601
Activision,5.76,79.90194949845846,3.488458451162876
Activision Value Inc.,1.0,84.31208053691275,14.075472543725
Adriaan de Jongh,21.0,96.88090737240076,12.12527000906142
Adult Swim Games,5.25,93.27265329199233,5.318673478065752
Aerosoft GmbH,6.5,62.85484157500899,2.3982909926922518
Afterthought LLC,1.0,80.00374695559857,4.0021884420009295
Akella,2.0,56.55430711610487,3.772802342635415
Aksys Games,2.0,89.69957081545064,1.495242053933166
Alastair John Jack,1.0,75.67567567567568,25.30959052698183
Alawar Premium,11.0,71.86860479114,6.660669698529887
Alda Games,10.0,76.31578947368422,15.29374538550786
Alekseev,2.5,37.66233766233766,6.863523057362551
Almost Human Games,1.0,92.00001412190025,4.997401146333207
Amanita Design,15.0,94.5380063723259,9.463263901133724
Amaterasu Software,1.0,47.765151515151516,48.247627793082344
Amistech Games,1.0,91.49330042313116,6.103622443170858
Anamik Majumdar,1.0,0.0,0.0
Anate Studio,4.0,54.54545454545454,7.80335544284042
AndrÃƒÂ© Bertaglia,1.5,10.0,5.025125628140704
Anea_Duo_Dev,3.5,64.7985347985348,14.418120326704496
Annapurna Interactive,11.0,93.86655011655012,4.695675343499256
Another Indie,9.0,78.92249527410208,7.9001496770872945
Anvil Game Studios,10.0,88.93758500831193,4.449103802316755
Apoapsis Studios,1.0,83.07756117793447,5.195594820383644
App Holdings,4.0,73.34200260078023,6.116930992558818
Aquiris Game Studio,14.0,71.08140947752126,5.928391115723207
Arc System Works,5.0,94.99116087212728,3.16742783835036
Ardi Studio,1.0,77.08333333333333,77.86195286195286
Armor Games Studios,1.0,96.3914707490432,9.648795870775094
Art-Pulsar,3.0,31.57894736842105,10.561520859003696
Artur Rezende,2.0,33.33333333333333,33.67003367003367
Asmodee Digital,4.333333333333333,83.96742323915255,9.501660418313739
Aspyr,7.636363636363637,84.16398181810581,4.209920372446235
Asteristic Game Studio,7.0,90.98039215686276,15.188713214835186
Asteroid Base,11.0,94.95374264087468,6.334472491052347
Asymmetric,1.0,97.90575916230368,8.908622307761936
Atari,6.333333333333333,69.35227976336331,8.761673828324758
"Atari, Inc.",6.0,84.67153284671532,4.235694489580557
AtomTeam,2.0,85.12206356517734,5.67858996432137
Atomic Fabrik,1.0,47.05882352941176,23.647650014779774
AutoAttack Games,14.0,78.1198003327787,3.907943988633252
Autumn Games,7.0,95.06220341156856,9.51573607723409
Avalanche Studios,9.0,84.59954969443551,4.23209353148752
Axolot Games,11.0,90.87832191208425,4.546189190199312
BANDAI NAMCO Entertainment,8.8,83.50590231552704,2.2450941849488717
Back To Basics Gaming,1.0,57.823095732018466,54.85404827507068
BadWolf Games,2.0,66.66666666666666,6.673340006673339
Badim,4.0,78.57142857142857,15.74577726882336
Bandai Namco,7.0,60.25386751289171,2.009131961083418
Bankroll Studios,15.0,63.59265734265735,2.5447241833796457
Bare Mettle Entertainment,1.0,81.12643678160919,5.412037143536304
Batterystaple Games,9.0,93.8033228558599,6.257726674840554
BattleGoat Studios,4.0,74.58471760797342,3.731101431114228
Beam Team Pty Ltd,1.0,75.01269357705002,5.004182360043363
BeamNG,1.0,95.50003820001528,3.8215301400566335
Beamdog,9.75,90.66281431860497,4.535408420140319
Beatshapers,1.0,69.23076923076923,13.87390164945275
Bedtime Digital Games,8.5,80.63214257172541,14.97871255617003
Behaviour Digital Inc.,13.0,82.32258347882421,4.118188268075249
Bennett Foddy,5.0,83.30254041570439,10.425849864293417
Berserk Games,1.0,96.07727570399476,4.806266918659068
Bethesda Softworks,6.833333333333333,85.10308827509839,5.050281603607824
Bethesda-Soft,7.0,88.28217421082124,4.41631686897555
Bethesda-Softworks,1.0,91.55756207674943,18.34820883301592
Big Ant Studios,1.0,74.13080649757765,2.802802020261938
Bigben Interactive,11.666666666666666,74.23977225876985,1.8272338323564548
Bitbox Ltd.,10.5,59.95855117180432,2.7001556401939864
Black Eye Games,8.0,70.33248081841433,3.518383232536985
Black Lime Studio,2.0,72.62773722627736,73.36135073361349
Black Maple Games,9.0,83.28048428942058,4.385491537094292
Black Shell Media,1.0,91.2280701754386,18.28217839187146
Blake Fix,1.0,93.75,23.49624060150376
BlankMediaGames,2.0,88.82091814638372,17.79978319566808
Blue Bottle Games,1.0,89.42632170978627,5.965731935275935
Blue Brain Games,13.0,87.67967145790554,4.386176661225891
Blue Isle Studios,5.0,64.80177843645795,2.5931083808106425
Bohemia Interactive,7.571428571428571,76.51532172957991,7.1426961540186245
Bossa Studios,7.0,71.79452713931934,5.370574897283651
Boxelware,2.0,90.7563025210084,5.044819484213919
Brace Yourself Games,11.0,96.246854141591,6.420737434395663
BrainStrainStudios,1.0,60.0,20.06688963210702
Brightrock Games,9.0,85.97208035410283,2.866691575661982
Brilliant Game Studios,2.0,70.4032258064516,4.696679506767952
Brilliant Skies Ltd.,1.0,90.6274206041828,6.045858612687312
"CAPCOM Co., Ltd.",9.8,85.85432953799526,5.563936069915647
"CAPCOM U.S.A., INC.",6.0,90.02911208151383,3.6026055254707416
CD PROJEKT RED,12.666666666666666,90.0696798447675,5.107211177642642
CI Games,9.0,57.371811636194586,4.432723208449207
Campfire Games,1.0,84.61791831357048,2.821537789715588
Campo Santo,7.0,84.75903181785534,4.24007162670612
Camshaft Software,5.0,90.51162790697674,3.018060283660445
Capcom,9.714285714285714,77.00576008497231,2.9964383586106726
CarX Technologies,2.0,88.33387044795359,8.842229274069428
Carpe Fulgur LLC,2.0,96.56025179856115,4.8304278038299735
Cats Who Play,4.0,83.81294964028777,5.990918487511634
Cellar Door Games,8.0,92.76451999564128,6.188426951010092
Charyb Games,1.0,60.19736842105263,44.94328366981105
"Chongqing Shangshixuan Technology Co., Ltd.,",4.0,70.73170731707317,5.899224963892675
Chubby Pixel,1.0,60.92434314656538,38.73993245973922
Chucklefish,1.0,92.06746308562718,7.713273812209247
Circle Five Studios,4.0,77.58557232241444,5.972715344296724
Clapfoot,1.0,79.06217539694318,3.955086313003661
CleanWaterSoft,1.0,100.0,20.04008016032064
Clever Endeavour Games,14.0,96.82388740966148,6.4592319819654085
Clickteam,3.0,89.91097922848664,0.8991997122560921
Code Horizon,13.0,66.68339187155043,3.3358375123336885
Codemasters,7.583333333333333,79.05933215835698,4.482604676193772
Code}{atch,1.0,53.815416344418665,5.386928563004871
Coffee Stain Publishing,10.0,90.72491584011125,7.529776615845127
ColdGames,16.0,71.96893787575151,5.144312928931488
ConcernedApe,12.0,98.79579241301624,6.590780014210557
Coredumping,1.0,93.2,6.661901358112938
Crackshell,1.0,88.7385421213444,8.882736949083522
Craneballs,10.0,68.28947368421052,3.4161817750980754
Crate Entertainment,11.0,94.87862784049614,3.796663779131498
Creoteam,12.0,91.24472573839662,4.564518546192928
Cristian Manolachi,1.0,47.05882352941176,23.647650014779774
Croteam,6.666666666666667,90.94467877942357,3.562844525991958
Crowbar Collective,7.0,95.57966321243524,4.781373847545535
Crytek,6.0,82.12905995135212,5.478923278942769
Curve Digital,12.0,90.2606448225326,5.5311744936234435
Cyan Inc.,10.0,78.70036101083032,2.624220107063365
Cybernetik Design,3.0,87.5,17.53507014028056
D-Games,3.0,56.09756097560976,14.059539091631516
D3 PUBLISHER,2.0,96.25831485587582,4.81532340449604
DANGEN Entertainment,5.0,95.30067702110712,4.767417559835274
DANKIE,1.0,77.73809523809524,78.52332852332853
DL Softworks,1.0,72.54257803599909,8.84990610444266
Daedalic Entertainment,11.25,81.48219171481271,4.4967800652107925
Dan Fornace,2.0,95.12531220394452,6.345918092324517
Daniel Mullins Games,11.0,94.97899579915985,19.03386689361921
David Mulder,1.0,45.45454545454545,22.841480127912288
David OReilly,3.0,85.92337494619026,86.7912878244346
Daybreak Game Company,5.0,91.9233971690258,6.132314687726871
Days of Wonder,5.0,88.2051282051282,8.829342162675495
Deck13,5.0,95.30067702110712,4.767417559835274
Deep Silver,7.8125,74.00076890414867,4.53638422806762
Defiant Development,11.5,87.44248466257667,3.6619122860819227
Degica,5.8,89.00556489648679,3.4232411325416208
DesktopPaints LLC,4.0,70.33898305084746,17.62881780722994
Devdan Games,1.0,60.0,15.037593984962406
Devolver Digital,7.055555555555555,88.54172549218475,7.3524349589748255
Diatomic Games,1.0,84.13858868404323,28.13999621539907
Digital Confectioners,13.0,90.37686655605592,4.521103879742667
Digital Tribe,2.0,73.16810344827587,5.6326484563722765
DigitalDNA Games LLC,6.0,78.54942593111174,19.6865729150656
Digitalmindsoft,7.0,77.21446881230418,5.151065297685402
"Dingaling Productions, LLC",1.0,96.10576232217272,9.62019642864592
Dinosaur Polo Club,25.0,96.67013527575442,9.676690217793237
Disney Interactive,4.933333333333334,87.65174072835937,7.9483623270003
Displacement Studios,1.0,80.0,80.8080808080808
DistrictWare inc.,1.0,70.3056768558952,4.690171904996344
Doborog Games,1.0,97.53333333333332,6.506559928841448
DolphinBarn,1.0,88.60471005317801,8.869340345663465
Dominique Grieshofer,28.0,95.52778196054813,31.949090956705056
DotEmu,10.0,52.734375,8.803735392320533
Double Damage Games,7.0,86.61345496009122,4.332839167588356
Double Fine Presents,4.5,80.29442209366091,45.26321442850374
Double Fine Productions,4.666666666666667,92.96937971409022,7.274537502731757
DoubleBear Productions,1.0,71.32644956314536,3.56810653142298
Dovetail Games - Fishing,7.0,56.685499058380415,2.8356927993186805
Dovetail Games - Flight,1.0,84.42107332415962,3.378194210650645
Dovetail Games - TSW,8.0,70.97301717089125,1.3648657148248318
Dovetail Games - Trains,8.0,67.25514922236235,2.2425858360240865
Downpour Interactive,1.0,75.41581225791752,3.017839626167168
Dry Cactus,10.0,89.72602739726028,8.981584324050077
DyingCat,2.0,66.66666666666666,22.296544035674465
Dylan Fitterer,1.0,78.83660704327829,4.594492399106375
Dymchick1,1.0,54.6875,27.481155778894472
EarthWork Games,14.0,88.7780548628429,5.922485314399125
EcoGames,1.0,76.92307692307693,12.841916013869271
Edmund McMillen,1.0,93.38583097834825,12.614193386824212
"Eek! Games, LLC",1.0,88.23142669296516,5.886019125614753
Eggcode,18.0,88.08373590982286,5.876166504991518
Egosoft,9.0,67.0482095985175,6.094578429193121
Electronic Arts,8.625,84.97651482681127,4.499738378415999
Eleon Game Studios,8.0,81.47031734070167,4.075553643857012
Endnight Games Ltd,16.0,94.13797074743752,4.7092531639538535
Entrada Interactive LLC,1.0,66.14583333333334,2.646892090169401
"Epic Games, Inc.",3.0,91.75016630872886,5.401421445481171
Eternity Studios,1.0,37.25490196078432,9.337068160597576
Eugen Systems,7.5,81.420409908782,5.947513567602682
EuroVideo Medien,14.0,87.4414976599064,4.374262014002322
Eversim,9.0,45.49180327868852,0.910018069187608
Evil Tortilla Games,1.0,74.44798822374878,14.919436517785329
Excalibur Games,17.0,77.63997165131113,5.179451077472391
Facepalm Games,1.0,94.64285714285714,6.313732964833698
Facepunch Studios,13.0,85.85556730469608,2.4537172707829686
Failbetter Games,1.0,83.71422232083425,4.408331875767997
Falcon Development,1.0,96.16685456595263,6.415400571444472
"Fatbot Games, s. r. o.",10.0,89.36781609195403,4.47062611765653
Fatshark,8.0,83.74177286094384,2.792323203099161
Fayju,1.0,90.60665362035223,5.666457387138976
Fellow Traveller,9.0,93.63887791386804,9.373261052439243
Feral Interactive,8.777777777777779,83.5333859838012,3.479107394529616
Fifth Dimension Company,5.0,16.666666666666664,8.375209380234505
Finji,2.0,93.92265193370166,4.698481837603885
FireFly Studios,9.2,83.97429625781322,7.609584636632254
Fireproof Games,6.0,97.46031436502821,19.531125123252146
Fishing Cactus,11.0,95.54990464081374,6.374243138146347
Fixer Games,10.0,25.0,5.01002004008016
Flamebait Games,13.0,82.05659075224293,8.213872948172465
Flazm,10.5,72.67727195803013,7.2750021980010136
Flying Interactive,1.5,73.4412955465587,9.66337977701688
Focus Home Interactive,8.8125,73.00415387647826,2.9841248978902217
"Forward Global Group, Ltd.",17.0,66.66666666666666,2.667733760170735
Four Winged Studio,1.0,62.5,37.79433127259214
Freebird Games,12.0,96.02909090909093,9.612521612521611
Freehold Games,1.0,95.70502431118314,9.580082513631943
Frictional Games,7.0,95.77875564451641,3.9941147528427177
"FromSoftware, Inc",10.0,84.60458589477784,2.115643558259011
"FromSoftware, Inc.",12.0,92.24540344860436,1.5376796707551983
Frontier Developments,7.5,82.02410151640346,2.240932526121892
Frozenbyte,10.25,82.74863106069478,4.463511759757293
Fruitbat Factory,8.0,94.6002918761148,13.533661212605836
Funcom,12.0,78.7484595371765,1.9692037893767569
GSC Game World,8.666666666666666,88.49690056007772,4.427058557282527
GSC World Publishing,5.5,85.02281218111438,12.927374212346647
Gaddy Games,13.0,92.10239651416124,7.681601043716534
Galactic Cafe,12.0,91.95618545925834,6.13450203197187
Game Grumps,1.0,90.47909673481844,6.035963758160003
Game-Labs,8.5,73.8098769519518,2.211704000287222
GamersHype Productions,1.0,69.23076923076923,69.93006993006992
Games Operators,12.0,86.67442537096305,5.782149791258376
Gamious,11.0,91.26455906821964,9.135591498320284
"Gaslamp Games, Inc.",1.0,94.75698430922311,18.989375613070763
Gearbox Publishing,6.5,83.42489411115606,2.0408228671026567
Gears for Breakfast,11.0,98.40205609565317,3.281162257274197
Giant Army,22.0,95.20383693045564,3.809677348157489
Giant Fox Studios,1.0,73.33333333333333,51.55231242187763
Giants Software,12.5,89.45323362789628,5.216563989230099
Ginormocorp Holdings Ltd,8.0,81.83347350714887,16.399493688807386
Goldhawk Interactive,1.0,87.80068728522336,3.513432864554757
Good Shepherd Entertainment,11.0,71.02448736407534,2.9817533883788605
Google,1.0,94.34523809523807,4.719621715619714
Greenheart Games,17.0,94.63537300922046,9.47301031123328
Greens s.r.o.,1.0,82.50407830342577,5.503941181015729
Grey Box,8.0,68.9384800965018,2.2987155750750854
GrizzlyGames,1.0,97.21713658000732,32.51409250167469
Grunge Games LTD,1.0,95.67260408698502,96.6389940272576
Gun Media,6.0,72.64473880041673,3.634053967004339
Guy Godin,4.0,71.66979362101313,4.781173690527893
"H2 Interactive Co., Ltd.",5.0,94.53695373658775,2.761947273124797
HCPGames,1.0,25.0,25.252525252525253
HFM Games,1.0,82.75755706354101,41.586712092231664
Halfbrick Studios Pty Ltd,12.0,82.89786223277909,5.530210956156044
Handelabra Games Inc.,1.0,92.81842818428184,9.291133952380564
Headup,8.0,82.49097472924187,5.503067026633881
Heart Machine,6.0,93.6265709156194,4.683670380971456
Hello Games,14.0,62.589694470599696,1.0433354637539538
Hidden Path Entertainment,5.0,96.98053237981723,9.707760998980705
Hinterland Studio Inc.,18.0,90.022145155225,3.0017387514246416
Hollowings,1.0,85.71428571428571,43.07250538406317
Holotech Studios,9.0,80.79496261314443,5.389924123625379
Housemarque,14.0,91.20234604105572,4.562398501303438
Hovgaard Games,12.0,79.98965873836607,8.00697284668329
HuniePot,1.0,91.19710610222502,10.97399638108444
HypeTrain Digital,8.5,74.10542635658915,5.579933156279469
I-Illusions,1.0,95.7307885484681,6.386310109971188
"IDEA FACTORY Co., Ltd.",3.0,94.36673692278217,3.776179948890843
IMGN.PRO,10.0,77.86666666666666,2.596421029231966
INDIECN,4.0,78.97196261682244,11.297848729159147
IPACS,3.0,77.44034707158352,1.2908875991262465
IR Studio,4.0,60.0,60.60606060606061
IceTorch Interactive,1.0,85.45454545454545,8.554008554008554
Iceberg Interactive,7.0,74.62052028032639,2.630331227849583
Iceflake Studios,7.0,81.88405797101449,5.462578917345863
Idea Cabin,27.0,20.28985507246377,20.49480310349876
Idea Factory,3.0,93.6870689379362,3.7489823504576316
Idea Factory International,2.5,90.98483739182029,3.3463585617860745
"Idea Factory International, Inc.",3.0,94.36673692278217,3.776179948890843
Igara Studio,1.0,99.37247870909906,6.629251414883193
Illwinter Game Design,1.0,92.30817580048722,2.469336282763832
Image & Form Games,7.0,94.9792836305516,6.835940747444383
ImageCode,1.0,84.31208053691275,14.075472543725
Imperium42Ã‚Â® Game Studio,1.0,81.91304347826087,8.199503851677765
Indie Voyage,9.0,93.81898454746135,6.258771484153526
IndieGala,1.0,74.87216946676406,15.004442778910631
Infernal Dream,1.25,18.118939883645766,7.134560594421492
Infinite Dreams,12.0,93.9203354297694,9.401434977954894
Introversion Software,26.0,89.3640350877193,14.91887063234045
Io-Interactive A/S,4.5,89.51832030614861,6.8306154948584465
Ionized Games,1.0,70.44444444444444,14.117123135159206
Iron Galaxy,1.0,91.26730564430244,18.290041211283054
Ironhide Game Studio,5.5,95.45038042191311,9.554592634826138
Isokron,1.0,66.12903225806451,66.79700228087324
JDRumble,1.0,37.5,18.844221105527637
JForce Games,1.0,89.24933987174651,90.15084835529952
JIW-Games,2.0,83.73943311785182,5.586353109930075
"Jackbox Games, Inc.",1.0,93.70373514761013,6.1401782787737345
Jan ZelenÃƒÂ½,10.0,85.64356435643565,3.427113419625276
Joey Drew Studios Inc.,1.0,86.38941398865785,4.3216315151904885
John Wizard,1.0,76.31578947368422,15.29374538550786
"Jundroo, LLC",1.0,92.04176334106728,7.085586092460915
K Bros Games,2.6666666666666665,78.05320844913818,61.527280615014064
KHB-Soft,9.0,86.16810066920118,35.802128446520456
KISS ltd,1.0,56.34920634920635,31.64058719614275
"KOEI TECMO GAMES CO., LTD.",3.230769230769231,72.79202182098525,1.5336510532169416
Kakao Games Europe B.V.,4.0,71.94240724762726,7.201442166929655
Kalypso Media Digital,6.909090909090909,70.88053982152381,4.804252278433556
Kasedo Games,10.0,84.20684835779176,4.212448642210694
Keen Software House,9.0,72.3974322601702,3.6216824542356285
KillHouse Games,8.0,93.57335127860028,4.6810080679639965
Killerfish Games,1.0,85.54573044256675,5.356748044483252
Killmonday Games AB,4.0,96.05222256760956,6.407753340067349
KishMish Games,2.0,46.6733093045407,47.144756873273444
Klabater,12.0,78.76221498371335,3.940080789580458
Klei Entertainment,3.8,95.5151011810766,6.198542766077283
Knuckle Cracker,1.0,94.17476800707024,6.282506204607755
Koga Tech Limited,3.0,90.73741007194243,30.34695989028175
Konami Digital Entertainment,7.0,82.7341960687667,3.201831035706751
"Konami Digital Entertainment, Inc.",5.0,82.88461538461539,4.1463039211913655
Kristjan Skutta,19.0,98.4213515048268,24.667005389680902
KrupinskiArt,1.0,75.83333333333334,76.5993265993266
Kunos Simulazioni,4.0,88.50145288501453,4.427286287394424
LAN - GAMES EOOD,13.0,67.90123456790124,13.607461837254757
LVGameDev LLC,7.0,80.32128514056225,4.01807329367495
Laminar Research,7.0,89.56900504355801,1.4930655949917988
Landfall,1.0,93.2049160954857,18.67833989889493
Lantana Games,1.0,77.77777777777779,15.586729013582724
Lapovich Team,14.0,86.53846153846155,28.94262927707744
Larian Studios,7.0,83.91253248947893,4.871450122085275
Last Level,4.0,59.37603717225357,5.943547264489847
Lavaboots Studios,1.0,77.80303030303031,5.190328906139447
Leafy Games,1.0,91.10787172011662,3.645773178075896
League of Geeks,13.0,82.8436018957346,4.144252220897179
Lighthouse Games Studio,14.0,76.54096228868661,15.33887019813359
Lince Works,10.0,89.60843373493977,4.482663018256117
"Lion Shield, LLC",16.0,90.60319603871258,9.069388992864122
Lo-Fi Games,7.0,93.8882359226413,3.1306514145595634
Loiste Interactive,3.0,87.26190476190476,2.909700058749742
LongYou Tech Ltd,5.0,70.96774193548387,4.1770301315764495
LuGus Studios,2.0,91.2585244885307,4.565208828840956
LucasArts,4.571428571428571,88.29870440886519,8.23526832898507
Lucasfilm,4.571428571428571,88.29870440886519,8.23526832898507
Ludeon Studios,23.0,98.28122184177327,2.8088374347463065
Lukas Rustemeyer,2.0,91.92089529357658,6.132147784761613
M2H,12.0,87.2659269736329,4.365479088225758
MAGIX Software GmbH,5.0,71.02229753295155,1.0274334083810703
Mad Data GmbH & Co. KG,1.0,94.14414414414416,2.3541921516415143
Madruga Works,4.0,75.81418833627872,3.792605719673773
Magicbane,2.5,62.5,20.903010033444815
MangaGamer,2.0,83.9080459770115,3.357664905042477
Marco Tancredi,1.0,50.0,12.531328320802004
Marvelous,5.0,94.2828244311401,5.001598271407086
"Marvelous USA, Inc.",2.4,94.71056623128403,3.15376165134142
Mastfire Studios Pty Ltd,1.0,85.95238095238096,4.299768932085091
Matt Roszak,5.0,97.66949152542372,8.145912554247182
Matthew Brown,1.0,97.47191011235957,19.533448920312537
Mayflower Entertainment,5.0,95.30067702110712,4.767417559835274
"Mediascape Co., Ltd.",1.0,98.89258028792912,6.59723684375778
Mega Crit Games,15.0,98.06612601372426,3.9242147264395455
Merge Games,8.0,63.731656184486376,3.7511274976154434
Meridian4,5.0,69.56521739130434,6.963485224354789
Merlin Beer,1.0,100.0,101.010101010101
Microblast Games,1.0,51.40150520377395,51.92071232704439
Microids,8.0,66.95997911669959,4.26371481936113
Microids Indie,5.0,72.59615384615384,4.842972237902191
Microsoft Studios,10.0,82.25312934631432,2.0568424442689253
Might and Delight,17.0,90.343347639485,18.10487928646994
Milestone S.r.l.,7.0,77.68811491538764,1.9426885450209461
MinMax Games Ltd.,3.5,85.7454276501463,6.62142142846617
Mirillis,13.0,77.71084337349397,1.9432568985619896
Missing Link Games,6.0,92.822661444576,3.095120421626409
"Monochrome, Inc",1.0,72.14228617106315,7.221450067173488
Monomi Park,10.0,97.45480949287273,4.875178063675475
Moonlight Mouse,14.0,83.46774193548387,13.934514513436373
Mossmouth,5.0,92.22480715072854,6.152422091442864
Motion Twin,13.0,96.19144487766287,3.8491974740961536
MuHa Games,6.0,90.72602013778484,4.53857029203526
Muse Games,1.0,92.1894803548796,18.474845762500923
N3V Games,1.0,69.8989898989899,6.996895885784774
NEXT Studios,13.0,84.98498498498499,12.158080827608725
NEZOS GAMES,2.0,23.07692307692308,23.310023310023315
"NIS America, Inc.",3.0,90.67672162004283,5.285345894254788
NVLMaker,3.0,78.84615384615384,7.892507892507892
Natsume Inc.,1.0,75.79505300353357,3.791648474413885
Ndemic Creations,15.0,93.37642479844315,6.229247818441838
NedoStudio,4.0,50.0,50.505050505050505
Neko Climax Studios,6.0,95.61875928405375,48.04962778093153
NeocoreGames,10.0,75.1677774792499,2.8181320107528323
Neon Green Pin Games,1.0,53.06122448979592,53.59719645433931
Netcore Games,1.0,95.4355108877722,13.653148910983148
New Reality Games,1.2857142857142858,57.76479780099336,30.664470938647998
New World Interactive,9.0,89.26136681174933,7.491967289191362
New Worlds Games,1.0,33.07692307692308,21.69745385825788
NewRealityGames,1.0,33.33333333333333,16.75041876046901
"Nicalis, Inc.",1.0,98.01581444385872,6.538746794119994
Night School Studio,7.0,93.38438630078709,4.671555092585647
Nightdive Studios,4.0,94.03508771929825,13.452802248826645
Ninja Kiwi,14.0,93.41595662277304,9.35094660888619
Ninja Theory,20.0,91.80278281911676,3.061113131681119
Nival,11.0,54.38121047877146,5.443564612489635
Northway Games,1.0,85.97560975609755,5.735531004409443
Nuke Nine,1.0,89.86810551558753,5.995203836930456
Numantian Games,12.0,81.58089748867847,3.2645417162336328
Nuno Donato,4.0,64.70588235294117,16.217013121037887
Oddworld Inhabitants,6.0,91.124871001032,30.476545485294984
"Oddworld Inhabitants, Inc.",10.0,86.58940397350993,4.331636016683839
Offworld Industries,27.0,89.94729045371551,2.2492445724860093
OoveeÃ‚Â® Game Studios,18.0,83.76281882724165,6.986056616116901
Osumia Games,10.0,89.07322654462243,5.942176554010835
Out of the Park Developments,1.0,82.6366135597729,4.133897626802046
Overhype Studios,1.0,89.5446162576252,2.985815813858793
Owlchemy Labs,1.0,89.49964763918253,4.477220992455354
PQube Limited,10.0,95.55822328931572,7.356291246290663
PSY LABS,1.0,75.0,75.75757575757576
Paleno Games,6.0,83.68794326241135,84.53327602263774
PanGuoJun,2.0,90.0,45.22613065326633
Panic,7.0,84.75903181785534,4.24007162670612
Panic Art Studios,8.0,71.78641067946603,11.9843757394768
Panoramik Inc,6.0,42.85714285714285,2.859048889736014
Paradise Project,4.2,82.17995821311754,37.57439602042386
Paradox Interactive,5.538461538461538,82.52031175473516,4.300751768852174
Patagoniart,2.5,57.29166666666667,14.358813700918963
PatchNoteStudio,1.0,35.294117647058826,7.072969468348462
Pathea Games,2.0,61.15981119352664,6.122103222575239
Payload Studios,18.0,90.96484667165296,3.6400498868208473
"Perfect.Golf, Inc.",1.0,64.19213973799127,1.8345853026004932
Perfuse Entertainment,9.0,86.9172932330827,9.6682194920003
Permadeath,10.0,77.25190839694656,5.153562935086495
Perun Creative,3.0,70.97560975609755,3.737525526914037
Phanom Games,1.0,12.5,1.3904338153503892
Pipliz,1.0,90.50802139037432,4.527664901969701
Pixel Ferrets,1.0,90.79555966697502,6.057075361372584
Pixel Gangsta Studio,2.0,68.42105263157895,3.60300435132064
PixelTail Games,1.0,89.17629792698587,5.949052563508063
Planetary Annihilation Inc,11.0,84.83441033925686,2.121390606132955
"PlayStation Mobile, Inc.",18.0,91.2889935256033,4.566733042801566
PlayWay S.A.,13.2,83.33385157688389,4.458029082948587
Playdead,14.0,94.02916684825306,7.025613902105223
Plug In Digital,6.0,82.56472973178361,4.347167498095406
Pocketwatch Games,6.5,87.5662000337325,5.152061306213774
Polygon Art,1.0,25.0,5.01002004008016
"PopCap Games, Inc.",3.4,94.78731854033147,18.995454617300894
Positech Games,6.333333333333333,81.30209420908352,3.9919053368834003
Powerhoof,1.0,96.24772313296904,6.420795405801804
Prideful Sloth,10.0,81.11480865224625,3.2458907023707986
Private Division,9.0,94.22782450456047,2.356284683784958
ProGames Studio,5.0,83.97150489759572,16.827956893305757
"Project """"The Game""""",26.0,20.0,6.68896321070234
Project Moon,7.0,85.7603092783505,3.431785085168088
Proximity Games,2.0,50.70422535211267,25.479510227192296
PsychoFlux Entertainment,1.0,75.0,75.75757575757576
"Psyonix, Inc.",12.0,89.58641443067032,4.481561502284658
Pyromancers.com,9.0,87.48043818466354,5.835919825527921
RCTO Productions,9.0,25.83237657864523,1.7233073101164262
REX PEX GAMES,1.0,44.44444444444444,44.89337822671156
ROCKFISH Games,12.0,79.19280065448595,2.640640235227941
RUST LTD.,1.0,96.71559366371169,4.838198782576873
Raconteur Games,1.0,66.66666666666666,13.360053440213758
Rain Games,16.0,81.24076809453472,8.132209018471944
Raiser Games,14.0,74.23125337169574,2.9704383101919065
Rake in Grass,1.0,92.0496894409938,7.677205124353111
Raw Fury,12.0,86.79455729106417,11.583682553226438
Re-Logic,9.0,98.04875893705224,9.814690584289512
Rebellion,7.0,88.0450466444384,8.633301923728846
Red Barrels,9.5,89.29042282320911,3.7762718690299715
Red Hook Studios,12.0,89.84834323273134,3.5953718780604778
Red Thread Games,4.0,81.05263157894737,3.243402624207578
RedCandleGames,5.0,96.17520049352252,8.021284444830902
Reiza,7.0,85.47717842323651,2.85018934388918
Remedy Entertainment,11.0,89.57716451498283,5.975794830886112
Retrific,1.0,93.75,94.6969696969697
Retroism,4.0,94.03508771929825,13.452802248826645
Reverb Triple XP,1.0,59.9964234620887,2.400817265389704
Revolution Software Ltd,6.0,90.99664856243804,9.552524914723744
Rising Star Games,5.0,89.60674157303372,9.96737948532077
RobTop Games,1.0,94.34400884736046,23.64511499933846
Robert Borghese,1.0,85.20114942528735,8.52864358611485
Robot Entertainment,9.0,93.52400408580183,6.239093001054158
Robot Gentleman,11.0,78.01693719124911,7.809503222347258
Robotronic Games,1.0,76.46464646464646,5.1010437935054345
Rocketcat Games,1.0,95.65084226646248,6.380976802299031
Rockstar Games,5.1,82.40538409427866,6.061763323499185
Rok Entertainment,6.0,52.86624203821656,2.6446344191203885
Rooster Teeth Games,9.0,80.70839064649243,4.037438251450348
RuneStorm,1.0,92.58031415414729,21.92778861747596
Runic Games,9.333333333333334,92.16436249417906,5.124098047878384
Running With Scissors,5.0,96.08550653326772,9.61816882214892
Rutony Studio,3.0,57.89473684210527,3.862223938766195
S.C. 16 BIT NIGHTS S.R.L.,1.0,74.20091324200914,37.2868910763865
SCS Software,18.333333333333332,90.83215831945546,8.507507294874744
SEGA,7.116279069767442,85.81067401282402,4.396528484757451
SGTTB_Studios,1.0,12.5,1.3904338153503892
SNK CORPORATION,7.0,90.54687081456274,4.122017366866964
SQUARE ENIX,7.0,92.83627025591076,3.0955741999303354
STUDIOARTDINK,2.0,70.58823529411765,1.1766666993518529
SUPERHOT Team,12.5,88.52859671880114,3.5425608931092887
SakuraGame,2.0,80.72487644151565,40.5652645434752
Sauropod Studio,5.0,53.51537978656623,2.141471780174719
"Schine, GmbH",9.0,70.00626174076393,4.670197581104999
Scott Cawthon,1.0,90.57153211451866,14.690981080020942
Screaming Bee,6.0,52.48618784530387,1.312482816836806
Screeps,1.0,89.01373283395755,5.938207660704306
Secret Exit Ltd.,1.0,92.40622140896616,9.249872012909526
Sekai Project,4.25,95.9181580478108,14.019468578395259
SharF Co.,2.0,37.5,37.87878787878788
Shining Rock Software LLC,1.0,89.51492164886716,4.4779850749808485
Shiro Games,6.0,85.61248253376804,3.5658197810537606
Shiver Games,9.0,77.9277108433735,3.1183557760453584
Silver Dollar Games,1.0,98.30842312594136,19.70108679878584
SimBin,5.0,90.5,22.681704260651628
Sixteen Tons Entertainment,5.0,70.49180327868852,2.3505102793827453
SixtyGig Games,1.0,90.30860855441256,9.039900756197452
Ska Studios,8.0,89.74297953355544,4.988492469903027
Skybound Games,5.0,87.9278461201439,5.865766919289119
Slightly Mad Studios,8.0,70.98976109215018,2.3671144078742974
Slikey Games,1.0,83.33333333333334,16.7000668002672
Slitherine Ltd.,3.2222222222222223,82.95197016281692,2.1803325619363854
Slug Disco Studios,2.0,95.59670781893004,4.782226504198602
SmashGames,1.0,81.44470414285496,8.152623037322819
"SmiteWorks USA, LLC",1.0,78.39335180055402,1.960323875982846
Snail Games USA,8.0,56.33968478005176,3.131722333521499
Snowbird Games,7.0,59.34065934065934,2.9685172256457903
Solecismic Software,1.0,83.06878306878306,2.769882729869392
Sometimes You,1.6956521739130435,53.1598603761331,29.1547264297081
South East Games,1.0,93.9836781172898,6.269758380072702
Space Boat Studios,14.0,55.29767911200807,3.688971254970518
Sparpweed,16.0,93.00361881785284,7.756765539437268
Spiderling Studios,9.0,95.17456883600744,9.526983867468212
"Spike Chunsoft Co., Ltd.",3.4,94.14606961180215,3.638847210767466
Split Polygon,1.0,71.70370370370371,3.775866440426736
Square Enix,6.65625,82.32132140495239,5.2951722840629944
StalkerAlex.,1.0,36.206896551724135,36.57262277951933
Star Drifters,7.0,74.3801652892562,3.720868698812216
Starbreeze Publishing AB,7.0,67.69256649281203,5.455281989762995
Stardock Entertainment,5.333333333333333,81.13610826202624,3.0913355220698975
"StartupTim, LLC",27.0,72.7797833935018,4.855222374483109
Steel Crate Games,2.0,98.72908282143614,6.58632974125658
SteelRaven7,1.0,96.33315240335324,6.426494489883472
Stegersaurus Software Inc.,1.0,95.77412116679132,19.1932106546676
Step 1 Games LLC,1.0,70.15845070422534,7.022867938360895
Strategy First,3.5,84.69119283336774,8.477596880216991
Stray Fawn Studio,8.0,91.00236779794793,5.058497376206111
Studio 397,1.0,85.46875,2.67173335417318
Studio MDHR Entertainment Inc.,12.0,95.86703601108032,4.795749675391712
Studio Wildcard,21.0,74.76159182183278,1.4955309426251806
Stygian Software,1.0,86.28048780487805,5.755869766836428
Subset Games,9.0,96.2307739072284,9.632710100823664
Suncrash,7.0,82.53968253968253,4.129048651309782
Supergiant Games,7.333333333333333,93.75844825078643,5.228552724364715
Survios,1.0,84.22065426555484,2.10604286735571
Suspicious Developments,1.0,96.09624981955189,8.038823673923856
Synnergy Circle Games,3.0,88.57142857142857,89.46608946608947
System Era Softworks,13.0,89.80235102161902,2.9944098373330785
THQ Nordic,7.35,76.60520835342825,3.743780523889794
TPP Studio,7.0,55.36723163841808,9.243277402073137
TT Games,13.0,78.58347386172007,3.9311392627173625
TaleWorlds Entertainment,8.666666666666666,90.15382330627422,7.392866001896112
Tasharen Entertainment Inc.,2.5,73.61527694461107,5.699727004590594
Team Cherry,10.0,96.96820431987784,6.468859527676974
Team Reptile,1.0,95.80508474576273,6.848111847445513
Team17 Digital Ltd,6.769230769230769,82.88895368575426,5.087918553730533
Techland Publishing,10.0,93.92072910017569,4.323876075109121
Telltale Games,5.5,85.27908780447369,5.450350637710672
Tequila Works,5.0,92.56,4.6303151575787895
Tero Lunkka,1.0,50.0,50.505050505050505
Terrible Toybox,6.0,92.36749116607774,4.620684900754265
Texel Raptor,7.0,93.3025404157044,3.111121721097179
The Behemoth,11.0,95.80364465124507,5.8704054505455145
The Drone Racing League,1.0,90.6158357771261,4.533058318015312
The Fun Pimps Entertainment LLC,4.0,84.79618420044442,3.393204649877728
The Game Bakers,10.0,93.006408470326,4.6526467468897446
The Indie Stone,16.0,87.07217430776214,5.808684076568522
The Irregular Corporation,8.0,64.43914081145584,1.6113813656278029
The Light Sword Team,4.0,62.5,29.306230147392483
The Merchant Guild of Rund (Limited),13.0,82.28699551569507,5.489459340606742
The Quadsphere,1.0,82.19013237063778,6.327184940002908
The Yogscast,8.0,87.22592945662537,8.731324269932468
"Thekla, Inc.",15.0,84.60222412318221,2.115584499204356
Thomas Biskup,1.0,88.3076923076923,5.891106891774003
Thorngames,1.0,40.0,20.100502512562816
Those Awesome Guys,12.0,85.75385833003561,5.720737713811582
Thunder Lotus Games,10.0,80.41362530413625,5.364484676726901
Tim Sullivan,27.0,72.7797833935018,4.855222374483109
Toast,1.0,81.89189189189189,5.463101527144222
Tomorrow Corporation,7.0,95.04615384615384,9.514129514129513
Toplitz Productions,6.0,77.27272727272727,7.735007735007734
Topware Interactive,6.2727272727272725,64.62221351081169,9.07780563039342
Topware Interactive ACE,6.0,75.63025210084034,15.156363146460988
"Topware Interactive, ACE",8.0,51.83129855715871,2.5928613585372045
Torn Banner Studios,9.0,81.36067943621251,3.255729469236195
Transhuman Design,3.0,81.35964912280701,8.144109021302004
Trapdoor,9.0,90.90720365372638,9.099820185558196
Trendy Entertainment,5.0,92.22447599729549,6.152399999819579
Trese Brothers,1.0,88.15071888943976,5.880635015973299
Triple Rush Games,1.0,100.0,25.062656641604008
Triple.B.Titles,1.0,86.3849765258216,17.311618542248816
Tripwire Interactive,8.833333333333334,88.99063314898353,6.204029114846178
TrisPix Studio,2.0,0.0,0.0
Tyler Glaiel,1.0,91.2621359223301,6.088201195619086
U-Play Online,14.0,74.23125337169574,2.9704383101919065
UL,7.0,91.24146243471274,3.042396213228168
Ubisoft,11.282608695652174,76.56739804848051,3.942886715523833
Ubisoft Entertainment,10.0,72.20656760260856,6.048295458548511
Ultimate Games S.A.,12.0,87.0873786407767,4.3565472056416565
Ultra Runaway Games,1.0,85.38205980066445,17.11063322658606
Unknown Worlds Entertainment,14.0,90.65458159295105,6.2095479857787605
Valve,11.55,92.44451661236586,11.716518165574605
VaragtP,12.0,83.48982785602503,27.923019349841145
Versus Evil,9.0,84.48074137508283,3.8741705288395094
Vertigo Games,9.0,81.45184338382396,2.036805285917078
Vertigo Gaming Inc.,1.0,86.75261689126803,10.499749291194343
VladCastillo,12.0,76.92307692307693,19.2789666473877
Vlambeer,1.0,96.86240644789868,8.078599370133334
VoiceAttack.com,1.0,96.29629629629628,8.031384178173168
WB Games,9.6,83.43826441678013,3.177885846780863
WOLCEN Studio,3.0,56.90149279267719,1.8973488760479225
Wargaming Labs,7.0,84.04536822541527,9.149798956329565
Wargaming.net,1.0,95.83654587509638,19.205720616251774
Warner Bros. Interactive,14.0,79.35483870967742,3.969726798883313
Warner Bros. Interactive Entertainment,8.708333333333334,82.5275295273362,4.008509985401874
WeirdBeard,20.0,85.8974358974359,5.730315937120474
Wenkly Studio Sp. z o.o.,1.0,86.31921824104235,5.7584535184151
WhisperGames,5.0,95.30067702110712,4.767417559835274
White Dog,1.0,33.75,5.465494947559983
White Rabbit Games,2.0,40.0,40.4040404040404
Winged Cloud,1.0,93.41500765696784,4.673086926311548
Wizards of the Coast LLC,9.0,80.97995545657015,8.10610164730432
Wolfire Games,1.0,78.8722341184868,2.6299511209898903
Wube Software LTD.,21.0,98.89460482122358,3.2964868273741192
X.D. Network Inc.,4.0,65.76956333765672,6.212198893554069
XSEED Games,2.4,94.71056623128403,3.15376165134142
Xbox Game Studios,8.0,89.48165217207678,4.21748727889518
Yacht Club Games,8.0,96.19372787051088,3.849288830352577
YoYo Games Ltd.,4.0,86.11764705882354,0.8612625968479202
Young Horses,12.0,92.87400729770336,6.195730973829443
Ysbryd Games,3.0,97.20367278797995,6.484567897797195
Zachtronics,3.8,96.35303577046977,7.723480703329296
Zenz VR,1.0,85.46712802768167,5.030437199981264
Zillion Whales,11.0,57.97872340425532,3.8678267781357785
astragon Entertainment,10.6,57.40978798486303,2.710043304311301
azimut team,1.0,24.0,24.24242424242424
davevillz,1.0,94.3622215440952,9.445667822231751
eduweb,1.0,91.4466737064414,9.153821191835975
eigoMANGA,1.0,68.62996158770807,13.75349931617396
encurio,6.0,52.86624203821656,2.6446344191203885
iRacing,1.0,78.43137254901961,7.850988243145106
iRacing.com Motorsport Simulations,1.0,78.43137254901961,7.850988243145106
inXile Entertainment,7.0,75.68638101424986,2.135425580480568
irritatingFLY studio,1.0,38.88888888888889,39.28170594837262
kChamp Games,11.0,92.70040700760929,13.261860802233087
oddonegames,7.0,62.7906976744186,3.1411054364391497
raptor lab,3.0,73.36814621409921,2.9359002086474275
tinyBuild,12.333333333333334,85.51350147351674,6.161101212774205
tobyfox,2.0,96.06721767401778,9.616338105507284
